Epic,Footer Navigation,,,,
Story Title,Navigating to content using the footer menu,,,,
,,,,,
Story,,,,,
AS,As a Prospect,,,,
I,I scroll to the footer of any page on the Nymbus site,,,,
SO,I want to use the footer links to quickly navigate to specific pages and sections,,,,
,,,,,
Assumptions,,,,,
1,User has JavaScript enabled and modern browser,,,,
2,Footer is visible at the bottom of every page,,,,
3,All linked pages/anchors are functional and accessible,,,,
,,,,,
Element Reference - Footer,,,,,
4A,"Column Heading: Platform",,,,
4B,"Link: Core Processing → /platform/#core-processing",,,,
4C,"Link: Digital Banking → /platform/#digital-banking",,,,
4D,"Link: Account Opening → /platform/#account-opening",,,,
4E,"Link: Connect → /platform/#connect",,,,
4F,"Link: Insights → /platform/#insights",,,,
4G,"Link: Nymbus MCP → /platform/#nymbus-mcp",,,,
4H,"Link: Fraud Intelligence → /platform/#fraud-intelligence",,,,
4I,"Link: Levels → /platform/#levels",,,,
4J,"Link: Engage → /platform/#engage",,,,
4K,"Column Heading: Managed Services",,,,
4L,"Link: Contact Center → /managed-services/#contact-center",,,,
4M,"Link: Onboarding → /managed-services/#onboarding",,,,
4N,"Link: Servicing → /managed-services/#servicing",,,,
4O,"Link: Compliance → /managed-services/#compliance",,,,
4P,"Link: Fraud → /managed-services/#fraud",,,,
4Q,"Link: Back Office → /managed-services/#back-office",,,,
4R,"Link: Business Banking Support → /managed-services/#business-banking-support",,,,
4S,"Link: Labs → /labs/",,,,
4T,"Column Heading: Solutions",,,,
4U,"Link: Core replacement → /solutions/primary-core/#core-replacement",,,,
4V,"Link: De novo launch → /solutions/primary-core/#de-novo",,,,
4W,"Link: Vertical brand launches → /solutions/parallel-core/#vertical-brand",,,,
4X,"Link: New lines of business → /solutions/parallel-core/#new-lines",,,,
4Y,"Link: M&A acceleration → /solutions/parallel-core/#ma-acceleration",,,,
4Z,"Link: Private label banking → /solutions/parallel-core/#private-label",,,,
4AA,"Link: Sandbox innovation → /solutions/parallel-core/#sandbox",,,,
4AB,"Link: Retail banking → /solutions/business-banking/",,,,
4AC,"Link: Business banking → /solutions/business-banking/",,,,
4AD,"Link: Commercial banking → /solutions/business-banking/#commercial",,,,
4AE,"Column Heading: Resources",,,,
4AF,"Link: Insights → /insights-hub/",,,,
4AG,"Link: AI → /ai/",,,,
4AH,"Column Heading: Company",,,,
4AI,"Link: About Nymbus → /about/",,,,
4AJ,"Link: Press → /press/",,,,
4AK,"Link: Contact us → /contact/",,,,
4AL,"Link: Privacy policy → /privacy-policy/",,,,
4AM,"Footer Bottom: Copyright text",,,,
4AN,"Footer Bottom: Address",,,,
4AO,"Footer Bottom: Phone number link",,,,
4AP,"Footer Bottom: Social media icons",,,,
,,,,,
Scenario 1 - Click Platform Links (4B-4J),,,,,
GIVEN,As a Prospect on any page,,,,
WHEN,I scroll to the footer and click any Platform link,,,,
AND,,,,,
AND,,,,,
,,,,,
Then,Why,Acceptance Criteria,Notes,Comments/Approvals,
User is navigated to the corresponding anchor on /platform/,So the user can access specific platform product sections from any page,"Core Processing (4B) → /platform/#core-processing
Digital Banking (4C) → /platform/#digital-banking
Account Opening (4D) → /platform/#account-opening
Connect (4E) → /platform/#connect
Insights (4F) → /platform/#insights
Nymbus MCP (4G) → /platform/#nymbus-mcp
Fraud Intelligence (4H) → /platform/#fraud-intelligence
Levels (4I) → /platform/#levels
Engage (4J) → /platform/#engage",,
,,,,,
Scenario 2 - Click Managed Services Links (4L-4R),,,,,
GIVEN,As a Prospect on any page,,,,
WHEN,I scroll to the footer and click any Managed Services link,,,,
AND,,,,,
AND,,,,,
,,,,,
Then,Why,Acceptance Criteria,Notes,Comments/Approvals,
User is navigated to the corresponding anchor on /managed-services/,So the user can access specific managed services sections,"Contact Center (4L) → /managed-services/#contact-center
Onboarding (4M) → /managed-services/#onboarding
Servicing (4N) → /managed-services/#servicing
Compliance (4O) → /managed-services/#compliance
Fraud (4P) → /managed-services/#fraud
Back Office (4Q) → /managed-services/#back-office
Business Banking Support (4R) → /managed-services/#business-banking-support",,
,,,,,
Scenario 3 - Click Labs Link (4S),,,,,
GIVEN,As a Prospect on any page,,,,
WHEN,I scroll to the footer and click 'Labs' (4S),,,,
AND,,,,,
AND,,,,,
,,,,,
Then,Why,Acceptance Criteria,Notes,Comments/Approvals,
User is navigated to /labs/,So the user can access the Labs growth service,"1. Navigation to /labs/
2. Page loads at top",,
,,,,,
Scenario 4 - Click Solutions Primary Core Links (4U-4V),,,,,
GIVEN,As a Prospect on any page,,,,
WHEN,I scroll to the footer and click 'Core replacement' (4U) or 'De novo launch' (4V),,,,
AND,,,,,
AND,,,,,
,,,,,
Then,Why,Acceptance Criteria,Notes,Comments/Approvals,
User is navigated to the corresponding anchor on /solutions/primary-core/,So the user can explore primary core deployment options,"Core replacement (4U) → /solutions/primary-core/#core-replacement
De novo launch (4V) → /solutions/primary-core/#de-novo",,
,,,,,
Scenario 5 - Click Solutions Parallel Core Links (4W-4AA),,,,,
GIVEN,As a Prospect on any page,,,,
WHEN,I scroll to the footer and click any Parallel Core solution link,,,,
AND,,,,,
AND,,,,,
,,,,,
Then,Why,Acceptance Criteria,Notes,Comments/Approvals,
User is navigated to the corresponding anchor on /solutions/parallel-core/,So the user can explore parallel core use cases,"Vertical brand launches (4W) → /solutions/parallel-core/#vertical-brand
New lines of business (4X) → /solutions/parallel-core/#new-lines
M&A acceleration (4Y) → /solutions/parallel-core/#ma-acceleration
Private label banking (4Z) → /solutions/parallel-core/#private-label
Sandbox innovation (4AA) → /solutions/parallel-core/#sandbox",,
,,,,,
Scenario 6 - Click Solutions Banking Segment Links (4AB-4AD),,,,,
GIVEN,As a Prospect on any page,,,,
WHEN,I scroll to the footer and click 'Retail banking' (4AB) or 'Business banking' (4AC) or 'Commercial banking' (4AD),,,,
AND,,,,,
AND,,,,,
,,,,,
Then,Why,Acceptance Criteria,Notes,Comments/Approvals,
User is navigated to the business banking page or anchor,So the user can explore solutions by banking segment,"Retail banking (4AB) → /solutions/business-banking/
Business banking (4AC) → /solutions/business-banking/
Commercial banking (4AD) → /solutions/business-banking/#commercial",,
,,,,,
Scenario 7 - Click Resources Links (4AF-4AG),,,,,
GIVEN,As a Prospect on any page,,,,
WHEN,I scroll to the footer and click 'Insights' (4AF) or 'AI' (4AG),,,,
AND,,,,,
AND,,,,,
,,,,,
Then,Why,Acceptance Criteria,Notes,Comments/Approvals,
User is navigated to the corresponding page,So the user can access learning resources,"Insights (4AF) → /insights-hub/
AI (4AG) → /ai/",,
,,,,,
Scenario 8 - Click Company Links (4AI-4AL),,,,,
GIVEN,As a Prospect on any page,,,,
WHEN,I scroll to the footer and click any Company link,,,,
AND,,,,,
AND,,,,,
,,,,,
Then,Why,Acceptance Criteria,Notes,Comments/Approvals,
User is navigated to the corresponding page,So the user can access company information and policies,"About Nymbus (4AI) → /about/
Press (4AJ) → /press/
Contact us (4AK) → /contact/
Privacy policy (4AL) → /privacy-policy/",,
,,,,,
Scenario 9 - Click Phone Number (4AO),,,,,
GIVEN,As a Prospect on any page,,,,
WHEN,I scroll to the footer and click the phone number (4AO),,,,
AND,,,,,
AND,,,,,
,,,,,
Then,Why,Acceptance Criteria,Notes,Comments/Approvals,
Phone dialer is triggered on mobile or tel: link is activated,So the user can call Nymbus directly,"1. Link uses tel: protocol
2. On mobile: opens phone dialer with +1 (855) 210-7874
3. On desktop: may trigger system phone handler",,
,,,,,
Scenario 10 - Click Social Media Icons (4AP),,,,,
GIVEN,As a Prospect on any page,,,,
WHEN,I scroll to the footer and click any social media icon (4AP),,,,
AND,,,,,
AND,,,,,
,,,,,
Then,Why,Acceptance Criteria,Notes,Comments/Approvals,
User is navigated to the corresponding social media profile in a new tab,So the user can follow Nymbus on social media,"1. Links open in new tab (target=_blank)
2. rel=noopener noreferrer applied for security
3. Icons include LinkedIn, Twitter/X, and one other platform",,

