Epic,Header Navigation Dropdowns,,,,
Story Title,Navigating to content using the header dropdown menus,,,,
,,,,,
Story,,,,,
AS,As a Prospect,,,,
I,I navigate to the Nymbus website,,,,
SO,I want to use the header navigation dropdowns to quickly find and access relevant banking solutions,,,,
,,,,,
Assumptions,,,,,
1,User has JavaScript enabled and modern browser,,,,
2,Header navigation is visible and functional on all pages,,,,
3,All linked pages/anchors are functional and accessible,,,,
4,Dropdowns open on hover (desktop) or click (mobile),,,,
,,,,,
Element Reference - Header Bar,,,,,
3A,"Nav link: Platform (opens Platform dropdown)",,,,
3B,"Nav link: Managed Services (opens Managed Services dropdown)",,,,
3C,"Nav link: Solutions (opens Solutions dropdown)",,,,
3D,"Nav link: AI (opens AI dropdown)",,,,
3E,"Nav link: Resources (opens Resources dropdown)",,,,
3F,"CTA Button: Try the Demo",,,,
3G,"CTA Button: Let's move",,,,
,,,,,
Element Reference - Platform Dropdown,,,,,
3H,"Link: Platform overview → /platform/",,,,
3I,"Link: Try the demo → [EXTERNAL-LINK COMING AUG 31]",,,,
3J,"Link: Core Processing → /platform/#core-processing",,,,
3K,"Link: Digital Banking → /platform/#digital-banking",,,,
3L,"Link: Account Opening → /platform/#account-opening",,,,
3M,"Link: Payments Hub (Beta) → /platform/#payments-hub",,,,
3N,"Link: Levels → /platform/#levels",,,,
3O,"Link: Engage → /platform/#engage",,,,
3P,"Link: Connect → /platform/#connect",,,,
3Q,"Link: Insights → /platform/#insights",,,,
3R,"Link: Nymbus MCP → /platform/#nymbus-mcp",,,,
3S,"Link: Fraud Intelligence → /platform/#fraud-intelligence",,,,
3T,"Link: Managed Services → /managed-services/",,,,
3U,"Featured Card: Nymbus MCP → /platform/#nymbus-mcp",,,,
,,,,,
Element Reference - Managed Services Dropdown,,,,,
3V,"Link: Managed Services overview → /managed-services/",,,,
3W,"Link: Contact Center → /managed-services/#contact-center",,,,
3X,"Link: Onboarding → /managed-services/#onboarding",,,,
3Y,"Link: Servicing → /managed-services/#servicing",,,,
3Z,"Link: Back Office → /managed-services/#back-office",,,,
3AA,"Link: Compliance → /managed-services/#compliance",,,,
3AB,"Link: Fraud → /managed-services/#fraud",,,,
3AC,"Link: Business Banking Support → /managed-services/#business-banking-support",,,,
3AD,"Link: Labs → /labs/",,,,
3AE,"Featured Card: Nymbus Labs → /labs/",,,,
,,,,,
Element Reference - Solutions Dropdown,,,,,
3AF,"Link: Vertical brand launches → /solutions/parallel-core/#vertical-brand",,,,
3AG,"Link: New lines of business → /solutions/parallel-core/#new-lines",,,,
3AH,"Link: M&A acceleration → /solutions/parallel-core/#ma-acceleration",,,,
3AI,"Link: Private label banking → /solutions/parallel-core/#private-label",,,,
3AJ,"Link: Sandbox innovation → /solutions/parallel-core/#sandbox",,,,
3AK,"Link: Core replacement → /solutions/primary-core/#core-replacement",,,,
3AL,"Link: De novo launch → /solutions/primary-core/#de-novo",,,,
3AM,"Link: Retail → /solutions/business-banking/",,,,
3AN,"Link: Business → /solutions/business-banking/",,,,
3AO,"Link: Commercial → /solutions/business-banking/#commercial",,,,
3AP,"Featured Card: Nymbus Labs → /labs/",,,,
,,,,,
Element Reference - AI Dropdown,,,,,
3AQ,"Link: Build with AI → /ai/",,,,
3AR,"Link: AI Approach → /ai/#ai-approach",,,,
3AS,"Link: Nymbus MCP → /ai/#nymbus-mcp",,,,
3AT,"Link: Applied AI → /ai/#applied-ai",,,,
3AU,"Featured Card: Nymbus MCP → /ai/#nymbus-mcp",,,,
,,,,,
Element Reference - Resources Dropdown,,,,,
3AV,"Link: Latest insights → /insights-hub/",,,,
3AW,"Link: Insights → /insights-hub/",,,,
3AX,"Link: Customers → /insights-hub/",,,,
3AY,"Link: About Nymbus → /about/",,,,
3AZ,"Link: Pressroom → /press/",,,,
3BA,"Link: Contact → /contact/",,,,
3BB,"Featured Card: Governed AI article → /ai/",,,,
,,,,,
Scenario 1 - Open Platform Dropdown,,,,,
GIVEN,As a Prospect,,,,
WHEN,I navigate to any page on the Nymbus site,,,,
AND,I hover over or click the 'Platform' nav link (3A),,,,
AND,,,,,
,,,,,
Then,Why,Acceptance Criteria,Notes,Comments/Approvals,
The Platform dropdown panel expands below the header showing categorized links,So the user can browse platform capabilities at a glance,"1. Dropdown appears with smooth animation (200ms fade-in)
2. Four columns visible: Intro + CTA, Banking Technology, Intelligence, Featured
3. All links are clickable and navigate correctly
4. Dropdown closes when mouse leaves the area or another nav item is hovered",,
,,,,,
Scenario 2 - Click Platform Overview Link (3H),,,,,
GIVEN,As a Prospect with Platform dropdown open,,,,
WHEN,"I click on 'Platform overview' (3H)",,,,
AND,,,,,
AND,,,,,
,,,,,
Then,Why,Acceptance Criteria,Notes,Comments/Approvals,
User is navigated to /platform/,So the user can access the full platform page,"1. Navigation to /platform/
2. Dropdown closes on click
3. Page loads at top",,
,,,,,
Scenario 3 - Click Banking Technology Links (3J-3M),,,,,
GIVEN,As a Prospect with Platform dropdown open,,,,
WHEN,"I click on 'Core Processing' (3J), 'Digital Banking' (3K), 'Account Opening' (3L), or 'Payments Hub' (3M)",,,,
AND,,,,,
AND,,,,,
,,,,,
Then,Why,Acceptance Criteria,Notes,Comments/Approvals,
User is navigated to the corresponding anchor on /platform/,So the user can jump directly to the relevant product section,"Core Processing → /platform/#core-processing
Digital Banking → /platform/#digital-banking
Account Opening → /platform/#account-opening
Payments Hub → /platform/#payments-hub",,
,,,,,
Scenario 4 - Click Loyalty and Intelligence Links (3N-3S),,,,,
GIVEN,As a Prospect with Platform dropdown open,,,,
WHEN,"I click on 'Levels' (3N), 'Engage' (3O), 'Connect' (3P), 'Insights' (3Q), 'Nymbus MCP' (3R), or 'Fraud Intelligence' (3S)",,,,
AND,,,,,
AND,,,,,
,,,,,
Then,Why,Acceptance Criteria,Notes,Comments/Approvals,
User is navigated to the corresponding anchor on /platform/,So the user can access engagement and intelligence features,"Levels → /platform/#levels
Engage → /platform/#engage
Connect → /platform/#connect
Insights → /platform/#insights
Nymbus MCP → /platform/#nymbus-mcp
Fraud Intelligence → /platform/#fraud-intelligence",,
,,,,,
Scenario 5 - Click Managed Services from Platform Dropdown (3T),,,,,
GIVEN,As a Prospect with Platform dropdown open,,,,
WHEN,"I click on 'Managed Services' (3T)",,,,
AND,,,,,
AND,,,,,
,,,,,
Then,Why,Acceptance Criteria,Notes,Comments/Approvals,
User is navigated to /managed-services/,So the user can explore managed services directly from the platform dropdown,"1. Navigation to /managed-services/
2. Dropdown closes on click",,
,,,,,
Scenario 6 - Open Managed Services Dropdown,,,,,
GIVEN,As a Prospect,,,,
WHEN,I hover over or click the 'Managed Services' nav link (3B),,,,
AND,,,,,
AND,,,,,
,,,,,
Then,Why,Acceptance Criteria,Notes,Comments/Approvals,
The Managed Services dropdown panel expands showing operational services and Labs,So the user can browse managed services options,"1. Dropdown appears with smooth animation
2. Columns: Intro + CTA, Run the operations, Growth, Featured
3. All 7 operational links visible
4. Labs link visible under Growth",,
,,,,,
Scenario 7 - Click Operations Links (3W-3AC),,,,,
GIVEN,As a Prospect with Managed Services dropdown open,,,,
WHEN,"I click on any operations link: Contact Center (3W), Onboarding (3X), Servicing (3Y), Back Office (3Z), Compliance (3AA), Fraud (3AB), or Business Banking Support (3AC)",,,,
AND,,,,,
AND,,,,,
,,,,,
Then,Why,Acceptance Criteria,Notes,Comments/Approvals,
User is navigated to the corresponding anchor on /managed-services/,So the user can jump to the specific operational service,"Contact Center → /managed-services/#contact-center
Onboarding → /managed-services/#onboarding
Servicing → /managed-services/#servicing
Back Office → /managed-services/#back-office
Compliance → /managed-services/#compliance
Fraud → /managed-services/#fraud
Business Banking Support → /managed-services/#business-banking-support",,
,,,,,
Scenario 8 - Click Labs Link (3AD),,,,,
GIVEN,As a Prospect with Managed Services dropdown open,,,,
WHEN,"I click on 'Labs' (3AD)",,,,
AND,,,,,
AND,,,,,
,,,,,
Then,Why,Acceptance Criteria,Notes,Comments/Approvals,
User is navigated to /labs/,So the user can explore the Labs growth service,"1. Navigation to /labs/
2. Dropdown closes on click",,
,,,,,
Scenario 9 - Open Solutions Dropdown,,,,,
GIVEN,As a Prospect,,,,
WHEN,I hover over or click the 'Solutions' nav link (3C),,,,
AND,,,,,
AND,,,,,
,,,,,
Then,Why,Acceptance Criteria,Notes,Comments/Approvals,
The Solutions dropdown panel expands showing parallel/primary core options and segments,So the user can explore deployment solutions,"1. Dropdown appears with smooth animation
2. Columns: Intro, Parallel Core + Primary Core, Segments, Featured
3. Parallel Core shows 5 links, Primary Core shows 2 links
4. Segments shows Retail, Business, Commercial",,
,,,,,
Scenario 10 - Click Parallel Core Links (3AF-3AJ),,,,,
GIVEN,As a Prospect with Solutions dropdown open,,,,
WHEN,"I click on any Parallel Core link: Vertical brand launches (3AF), New lines of business (3AG), M&A acceleration (3AH), Private label banking (3AI), or Sandbox innovation (3AJ)",,,,
AND,,,,,
AND,,,,,
,,,,,
Then,Why,Acceptance Criteria,Notes,Comments/Approvals,
User is navigated to the corresponding anchor on /solutions/parallel-core/,So the user can explore specific parallel core use cases,"Vertical brand launches → /solutions/parallel-core/#vertical-brand
New lines of business → /solutions/parallel-core/#new-lines
M&A acceleration → /solutions/parallel-core/#ma-acceleration
Private label banking → /solutions/parallel-core/#private-label
Sandbox innovation → /solutions/parallel-core/#sandbox",,
,,,,,
Scenario 11 - Click Primary Core Links (3AK-3AL),,,,,
GIVEN,As a Prospect with Solutions dropdown open,,,,
WHEN,"I click on 'Core replacement' (3AK) or 'De novo launch' (3AL)",,,,
AND,,,,,
AND,,,,,
,,,,,
Then,Why,Acceptance Criteria,Notes,Comments/Approvals,
User is navigated to the corresponding anchor on /solutions/primary-core/,So the user can explore primary core deployment options,"Core replacement → /solutions/primary-core/#core-replacement
De novo launch → /solutions/primary-core/#de-novo",,
,,,,,
Scenario 12 - Click Segment Links (3AM-3AO),,,,,
GIVEN,As a Prospect with Solutions dropdown open,,,,
WHEN,"I click on 'Retail' (3AM), 'Business' (3AN), or 'Commercial' (3AO)",,,,
AND,,,,,
AND,,,,,
,,,,,
Then,Why,Acceptance Criteria,Notes,Comments/Approvals,
User is navigated to the corresponding business banking page or anchor,So the user can explore solutions by segment,"Retail → /solutions/business-banking/
Business → /solutions/business-banking/
Commercial → /solutions/business-banking/#commercial",,
,,,,,
Scenario 13 - Open AI Dropdown,,,,,
GIVEN,As a Prospect,,,,
WHEN,I hover over or click the 'AI' nav link (3D),,,,
AND,,,,,
AND,,,,,
,,,,,
Then,Why,Acceptance Criteria,Notes,Comments/Approvals,
The AI dropdown panel expands showing AI approach links and featured card,So the user can explore AI capabilities,"1. Dropdown appears with smooth animation
2. Columns: Intro + CTA, Our Approach (3 links), empty, Featured
3. 'Build with AI' CTA button visible",,
,,,,,
Scenario 14 - Click AI Links (3AQ-3AT),,,,,
GIVEN,As a Prospect with AI dropdown open,,,,
WHEN,"I click on 'Build with AI' (3AQ), 'AI Approach' (3AR), 'Nymbus MCP' (3AS), or 'Applied AI' (3AT)",,,,
AND,,,,,
AND,,,,,
,,,,,
Then,Why,Acceptance Criteria,Notes,Comments/Approvals,
User is navigated to the corresponding page or anchor on /ai/,So the user can access AI content,"Build with AI → /ai/
AI Approach → /ai/#ai-approach
Nymbus MCP → /ai/#nymbus-mcp
Applied AI → /ai/#applied-ai",,
,,,,,
Scenario 15 - Open Resources Dropdown,,,,,
GIVEN,As a Prospect,,,,
WHEN,I hover over or click the 'Resources' nav link (3E),,,,
AND,,,,,
AND,,,,,
,,,,,
Then,Why,Acceptance Criteria,Notes,Comments/Approvals,
The Resources dropdown panel expands showing Learn and Company links,So the user can find insights and company info,"1. Dropdown appears with smooth animation
2. Columns: Intro + CTA, Learn, Company, Featured
3. 'Latest insights' CTA visible
4. Company links include About, Pressroom, Contact",,
,,,,,
Scenario 16 - Click Resources Learn Links (3AV-3AX),,,,,
GIVEN,As a Prospect with Resources dropdown open,,,,
WHEN,"I click on 'Latest insights' (3AV), 'Insights' (3AW), or 'Customers' (3AX)",,,,
AND,,,,,
AND,,,,,
,,,,,
Then,Why,Acceptance Criteria,Notes,Comments/Approvals,
User is navigated to /insights-hub/,So the user can access articles and customer stories,"Latest insights → /insights-hub/
Insights → /insights-hub/
Customers → /insights-hub/",,
,,,,,
Scenario 17 - Click Company Links (3AY-3BA),,,,,
GIVEN,As a Prospect with Resources dropdown open,,,,
WHEN,"I click on 'About Nymbus' (3AY), 'Pressroom' (3AZ), or 'Contact' (3BA)",,,,
AND,,,,,
AND,,,,,
,,,,,
Then,Why,Acceptance Criteria,Notes,Comments/Approvals,
User is navigated to the corresponding page,So the user can access company information,"About Nymbus → /about/
Pressroom → /press/
Contact → /contact/",,
,,,,,
Scenario 18 - Click Header CTA: Let's move (3G),,,,,
GIVEN,As a Prospect on any page,,,,
WHEN,"I click on the 'Let's move' button (3G) in the header",,,,
AND,,,,,
AND,,,,,
,,,,,
Then,Why,Acceptance Criteria,Notes,Comments/Approvals,
User is navigated to /contact/,So the user can quickly initiate a conversation with the sales team,"1. Navigation to /contact/
2. Button is styled as primary CTA (filled background)
3. Always visible in header regardless of dropdown state",,
,,,,,
Scenario 19 - Click Header CTA: Try the Demo (3F),,,,,
GIVEN,As a Prospect on any page,,,,
WHEN,"I click on the 'Try the Demo' button (3F) in the header",,,,
AND,,,,,
AND,,,,,
,,,,,
Then,Why,Acceptance Criteria,Notes,Comments/Approvals,
User is navigated to the external demo link,So the user can experience the product firsthand,"1. Navigation to external demo URL [COMING AUG 31]
2. Button styled as secondary CTA (outlined)
3. Opens in new tab if external link",,
,,,,,
Scenario 20 - Click Featured Card in Dropdown,,,,,
GIVEN,As a Prospect with any dropdown open,,,,
WHEN,I click on a featured card (3U/3AE/3AP/3AU/3BB),,,,
AND,,,,,
AND,,,,,
,,,,,
Then,Why,Acceptance Criteria,Notes,Comments/Approvals,
User is navigated to the featured content destination,So the user can access promoted content from the dropdown,"Platform Featured → /platform/#nymbus-mcp
Managed Services Featured → /labs/
Solutions Featured → /labs/
AI Featured → /ai/#nymbus-mcp
Resources Featured → /ai/",,
,,,,,
Scenario 21 - Dropdown Close Behavior,,,,,
GIVEN,As a Prospect with any dropdown open,,,,
WHEN,I move my mouse away from the dropdown area OR click outside the dropdown OR press Escape,,,,
AND,,,,,
AND,,,,,
,,,,,
Then,Why,Acceptance Criteria,Notes,Comments/Approvals,
The dropdown closes with smooth animation,So the dropdown doesn't block page content,"1. Close animation: 150ms fade-out
2. Escape key closes active dropdown
3. Clicking any page content outside dropdown closes it
4. Hovering another nav item opens that dropdown and closes current",,
,,,,,
Scenario 22 - Dropdown Switch Between Nav Items,,,,,
GIVEN,As a Prospect with one dropdown open,,,,
WHEN,I hover over or click a different nav link (e.g. from Platform to AI),,,,
AND,,,,,
AND,,,,,
,,,,,
Then,Why,Acceptance Criteria,Notes,Comments/Approvals,
The current dropdown closes and the new dropdown opens seamlessly,So the user can browse between categories fluidly,"1. No visible gap between close and open
2. Content swaps immediately
3. No stacking of multiple dropdowns",,

